{
  "ngày": {
    "id": 0,
    "freq": 15,
    "idf": 0.7123179275482191
  },
  "phép": {
    "id": 1,
    "freq": 14,
    "idf": 1.0
  },
  "lương": {
    "id": 2,
    "freq": 13,
    "idf": 0.7123179275482191
  },
  "1": {
    "id": 3,
    "freq": 10,
    "idf": 0.7123179275482191
  },
  "năm": {
    "id": 4,
    "freq": 10,
    "idf": 1.4054651081081644
  },
  "không": {
    "id": 5,
    "freq": 10,
    "idf": 1.0
  },
  "5": {
    "id": 6,
    "freq": 9,
    "idf": 0.7123179275482191
  },
  "3": {
    "id": 7,
    "freq": 9,
    "idf": 0.7123179275482191
  },
  "công": {
    "id": 8,
    "freq": 8,
    "idf": 0.7123179275482191
  },
  "2": {
    "id": 9,
    "freq": 7,
    "idf": 0.7123179275482191
  },
  "nhân": {
    "id": 10,
    "freq": 6,
    "idf": 1.0
  },
  "dụng": {
    "id": 11,
    "freq": 6,
    "idf": 1.0
  },
  "có": {
    "id": 12,
    "freq": 6,
    "idf": 0.7123179275482191
  },
  "cho": {
    "id": 13,
    "freq": 6,
    "idf": 1.0
  },
  "bảo": {
    "id": 14,
    "freq": 6,
    "idf": 1.0
  },
  "được": {
    "id": 15,
    "freq": 5,
    "idf": 1.4054651081081644
  },
  "sử": {
    "id": 16,
    "freq": 5,
    "idf": 1.0
  },
  "thưởng": {
    "id": 17,
    "freq": 5,
    "idf": 1.4054651081081644
  },
  "thứ": {
    "id": 18,
    "freq": 5,
    "idf": 1.4054651081081644
  },
  "nghỉ": {
    "id": 19,
    "freq": 4,
    "idf": 0.7123179275482191
  },
  "viên": {
    "id": 20,
    "freq": 4,
    "idf": 1.0
  },
  "việc": {
    "id": 21,
    "freq": 4,
    "idf": 1.0
  },
  "tính": {
    "id": 22,
    "freq": 4,
    "idf": 1.0
  },
  "4": {
    "id": 23,
    "freq": 4,
    "idf": 0.7123179275482191
  },
  "thông": {
    "id": 24,
    "freq": 4,
    "idf": 1.0
  },
  "khi": {
    "id": 25,
    "freq": 4,
    "idf": 1.0
  },
  "giờ": {
    "id": 26,
    "freq": 4,
    "idf": 1.0
  },
  "hiểm": {
    "id": 27,
    "freq": 4,
    "idf": 1.4054651081081644
  },
  "chính": {
    "id": 28,
    "freq": 3,
    "idf": 1.0
  },
  "theo": {
    "id": 29,
    "freq": 3,
    "idf": 1.0
  },
  "tối": {
    "id": 30,
    "freq": 3,
    "idf": 1.4054651081081644
  },
  "đa": {
    "id": 31,
    "freq": 3,
    "idf": 1.4054651081081644
  },
  "15": {
    "id": 32,
    "freq": 3,
    "idf": 0.7123179275482191
  },
  "giấy": {
    "id": 33,
    "freq": 3,
    "idf": 1.4054651081081644
  },
  "cơ": {
    "id": 34,
    "freq": 3,
    "idf": 1.0
  },
  "bản": {
    "id": 35,
    "freq": 3,
    "idf": 0.7123179275482191
  },
  "trên": {
    "id": 36,
    "freq": 3,
    "idf": 1.0
  },
  "nhận": {
    "id": 37,
    "freq": 3,
    "idf": 1.4054651081081644
  },
  "của": {
    "id": 38,
    "freq": 3,
    "idf": 1.4054651081081644
  },
  "thuận": {
    "id": 39,
    "freq": 3,
    "idf": 1.0
  },
  "kết": {
    "id": 40,
    "freq": 3,
    "idf": 1.4054651081081644
  },
  "hôn": {
    "id": 41,
    "freq": 3,
    "idf": 1.4054651081081644
  },
  "lần": {
    "id": 42,
    "freq": 3,
    "idf": 1.0
  },
  "báo": {
    "id": 43,
    "freq": 3,
    "idf": 1.0
  },
  "6": {
    "id": 44,
    "freq": 3,
    "idf": 1.0
  },
  "hàng": {
    "id": 45,
    "freq": 3,
    "idf": 1.4054651081081644
  },
  "tháng": {
    "id": 46,
    "freq": 3,
    "idf": 1.4054651081081644
  },
  "nv": {
    "id": 47,
    "freq": 3,
    "idf": 1.4054651081081644
  },
  "cty": {
    "id": 48,
    "freq": 3,
    "idf": 1.4054651081081644
  },
  "ty": {
    "id": 49,
    "freq": 3,
    "idf": 1.4054651081081644
  },
  "vi": {
    "id": 50,
    "freq": 3,
    "idf": 1.4054651081081644
  },
  "phạm": {
    "id": 51,
    "freq": 3,
    "idf": 1.4054651081081644
  },
  "sách": {
    "id": 52,
    "freq": 2,
    "idf": 1.0
  },
  "12": {
    "id": 53,
    "freq": 2,
    "idf": 1.0
  },
  "dương": {
    "id": 54,
    "freq": 2,
    "idf": 1.0
  },
  "lịch": {
    "id": 55,
    "freq": 2,
    "idf": 1.0
  },
  "chuyển": {
    "id": 56,
    "freq": 2,
    "idf": 1.0
  },
  "bệnh": {
    "id": 57,
    "freq": 2,
    "idf": 1.4054651081081644
  },
  "hưởng": {
    "id": 58,
    "freq": 2,
    "idf": 1.4054651081081644
  },
  "phải": {
    "id": 59,
    "freq": 2,
    "idf": 1.4054651081081644
  },
  "xác": {
    "id": 60,
    "freq": 2,
    "idf": 1.4054651081081644
  },
  "sự": {
    "id": 61,
    "freq": 2,
    "idf": 1.4054651081081644
  },
  "chấp": {
    "id": 62,
    "freq": 2,
    "idf": 1.4054651081081644
  },
  "quản": {
    "id": 63,
    "freq": 2,
    "idf": 1.4054651081081644
  },
  "lý": {
    "id": 64,
    "freq": 2,
    "idf": 1.4054651081081644
  },
  "trước": {
    "id": 65,
    "freq": 2,
    "idf": 1.4054651081081644
  },
  "thủ": {
    "id": 66,
    "freq": 2,
    "idf": 1.0
  },
  "đăng": {
    "id": 67,
    "freq": 2,
    "idf": 1.0
  },
  "hệ": {
    "id": 68,
    "freq": 2,
    "idf": 1.0
  },
  "thống": {
    "id": 69,
    "freq": 2,
    "idf": 1.0
  },
  "bàn": {
    "id": 70,
    "freq": 2,
    "idf": 1.0
  },
  "hợp": {
    "id": 71,
    "freq": 2,
    "idf": 1.0
  },
  "đồng": {
    "id": 72,
    "freq": 2,
    "idf": 1.0
  },
  "hiệu": {
    "id": 73,
    "freq": 2,
    "idf": 1.4054651081081644
  },
  "quả": {
    "id": 74,
    "freq": 2,
    "idf": 1.4054651081081644
  },
  "dựa": {
    "id": 75,
    "freq": 2,
    "idf": 1.4054651081081644
  },
  "vụ": {
    "id": 76,
    "freq": 2,
    "idf": 1.0
  },
  "đi": {
    "id": 77,
    "freq": 2,
    "idf": 1.0
  },
  "trưa": {
    "id": 78,
    "freq": 2,
    "idf": 1.0
  },
  "13": {
    "id": 79,
    "freq": 2,
    "idf": 1.0
  },
  "vào": {
    "id": 80,
    "freq": 2,
    "idf": 1.0
  },
  "8": {
    "id": 81,
    "freq": 2,
    "idf": 1.0
  },
  "17": {
    "id": 82,
    "freq": 2,
    "idf": 1.0
  },
  "điện": {
    "id": 83,
    "freq": 2,
    "idf": 1.0
  },
  "nội": {
    "id": 84,
    "freq": 2,
    "idf": 1.4054651081081644
  },
  "30": {
    "id": 85,
    "freq": 2,
    "idf": 1.4054651081081644
  },
  "00": {
    "id": 86,
    "freq": 2,
    "idf": 1.4054651081081644
  },
  "quá": {
    "id": 87,
    "freq": 2,
    "idf": 1.4054651081081644
  },
  "trừ": {
    "id": 88,
    "freq": 2,
    "idf": 1.4054651081081644
  },
  "phục": {
    "id": 89,
    "freq": 2,
    "idf": 1.4054651081081644
  },
  "áo": {
    "id": 90,
    "freq": 2,
    "idf": 1.4054651081081644
  },
  "mật": {
    "id": 91,
    "freq": 2,
    "idf": 1.4054651081081644
  },
  "tin": {
    "id": 92,
    "freq": 2,
    "idf": 1.4054651081081644
  },
  "máy": {
    "id": 93,
    "freq": 2,
    "idf": 1.4054651081081644
  },
  "cá": {
    "id": 94,
    "freq": 2,
    "idf": 1.4054651081081644
  },
  "cáo": {
    "id": 95,
    "freq": 2,
    "idf": 1.4054651081081644
  },
  "thức": {
    "id": 96,
    "freq": 1,
    "idf": 1.4054651081081644
  },
  "thử": {
    "id": 97,
    "freq": 1,
    "idf": 1.4054651081081644
  },
  "hết": {
    "id": 98,
    "freq": 1,
    "idf": 1.4054651081081644
  },
  "sẽ": {
    "id": 99,
    "freq": 1,
    "idf": 1.4054651081081644
  },
  "sang": {
    "id": 100,
    "freq": 1,
    "idf": 1.4054651081081644
  },
  "sau": {
    "id": 101,
    "freq": 1,
    "idf": 1.4054651081081644
  },
  "ốm": {
    "id": 102,
    "freq": 1,
    "idf": 1.4054651081081644
  },
  "khám": {
    "id": 103,
    "freq": 1,
    "idf": 1.4054651081081644
  },
  "75": {
    "id": 104,
    "freq": 1,
    "idf": 1.4054651081081644
  },
  "viện": {
    "id": 105,
    "freq": 1,
    "idf": 1.4054651081081644
  },
  "10": {
    "id": 106,
    "freq": 1,
    "idf": 1.4054651081081644
  },
  "ít": {
    "id": 107,
    "freq": 1,
    "idf": 1.4054651081081644
  },
  "nhất": {
    "id": 108,
    "freq": 1,
    "idf": 1.4054651081081644
  },
  "ảnh": {
    "id": 109,
    "freq": 1,
    "idf": 1.4054651081081644
  },
  "đến": {
    "id": 110,
    "freq": 1,
    "idf": 1.4054651081081644
  },
  "cưới": {
    "id": 111,
    "freq": 1,
    "idf": 1.4054651081081644
  },
  "chứng": {
    "id": 112,
    "freq": 1,
    "idf": 1.4054651081081644
  },
  "áp": {
    "id": 113,
    "freq": 1,
    "idf": 1.4054651081081644
  },
  "đầu": {
    "id": 114,